Workbook

Sheet uo288066_db_resultados
A1: id_resultado | B1: id_usuario | C1: id_dispositivo | D1: tiempo | E1: valoracion
A2: 1 | B2: 1 | C2: 1 | D2: 35 | E2: 10
A3: 2 | B3: 2 | C3: 2 | D3: 44 | E3: 10
A4: 3 | B4: 3 | C4: 1 | D4: 126 | E4: 9
A5: 4 | B5: 4 | C5: 3 | D5: 214 | E5: 9
A6: 5 | B6: 5 | C6: 2 | D6: 331 | E6: 8

Sheet uo288066_db_usuarios
A1: id_usuario | B1: profesion | C1: edad | D1: genero | E1: destreza
A2: 1 | B2: Estudiante informatica | C2: 22 | D2: Masculino | E2: 10
A3: 2 | B3: Estudiante informatica | C3: 22 | D3: Masculino | E3: 10
A4: 3 | B4: ADMINISTRATIVO | C4: 57 | D4: Femenino | E4: 8
A5: 4 | B5: entrenador | C5: 35 | D5: Masculino | E5: 6
A6: 5 | B6: Tecnico electrico | C6: 62 | D6: Masculino | E6: 3

Sheet stats_1
B2: EDAD MEDIA: | C2: =AVERAGE(uo288066_db_usuarios!C2:C3) -> 22 | I2: GRÁFICAS GENERALES:
C4: EDADES
B5: RANGO | C5: 0-20 | D5: 20-30 | E5: 30-40 | F5: 40-65 | G5: 65+
B6: NUMERO | C6: =COUNTIF(uo288066_db_usuarios!C2:C3,"<=20") -> 0 | D6: =COUNTIFS(uo288066_db_usuarios!C2:C3,">20", uo288066_db_usuarios!C2:C3,"<=30") -> 2 | E6: =COUNTIFS(uo288066_db_usuarios!C2:C3,">30", uo288066_db_usuarios!C2:C3,"<=40") -> 0 | F6: =COUNTIFS(uo288066_db_usuarios!C2:C3,">40", uo288066_db_usuarios!C2:C3,"<=65") -> 0 | G6: =COUNTIF(uo288066_db_usuarios!C2:C3,">65") -> 0
B7: PORCENTAJE | C7: =C6/($C$6+$D$6+$E$6+$F$6+$G$6) -> 0 | D7: =D6/($C$6+$D$6+$E$6+$F$6+$G$6) -> 1 | E7: =E6/($C$6+$D$6+$E$6+$F$6+$G$6) -> 0 | F7: =F6/($C$6+$D$6+$E$6+$F$6+$G$6) -> 0 | G7: =G6/($C$6+$D$6+$E$6+$F$6+$G$6) -> 0
C10: DESTREZA
B11: RANGO | C11: 0 a 3 | D11: 3 a 5 | E11: 5 a 7 | F11: 7 a 10
B12: NUMERO | C12: =COUNTIF(uo288066_db_usuarios!E2:E3,"<=3") -> 0 | D12: =COUNTIFS(uo288066_db_usuarios!E2:E3,">3", uo288066_db_usuarios!E2:E3,"<=5") -> 0 | E12: =COUNTIFS(uo288066_db_usuarios!E2:E3,">5", uo288066_db_usuarios!E2:E3,"<=7") -> 0 | F12: =COUNTIFS(uo288066_db_usuarios!E2:E3,">7", uo288066_db_usuarios!E2:E3,"<=10") -> 2
B13: PORCENTAJE | C13: =C12/($C$12+$D$12+$E$12+$F$12) -> 0 | D13: =D12/($C$12+$D$12+$E$12+$F$12) -> 0 | E13: =E12/($C$12+$D$12+$E$12+$F$12) -> 0 | F13: =F12/($C$12+$D$12+$E$12+$F$12) -> 1
C16: GÉNEROS
C17: FEMENINO | D17: MASCULINO | E17: OTRO
B18: CANTIDAD | C18: =COUNTIF(uo288066_db_usuarios!D2:D3, "Femenino") -> 0 | D18: =COUNTIF(uo288066_db_usuarios!D2:D3, "Masculino") -> 2 | E18: {=COUNTIF(uo288066_db_usuarios!D2:D3, Otro)} -> 0
B19: PORCENTAJE | C19: =C18/($C$18+$D$18+$E$18) -> 0 | D19: =D18/($C$18+$D$18+$E$18) -> 1 | E19: =E18/($C$18+$D$18+$E$18) -> 0

Sheet stats_2
B2: EDAD MEDIA: | C2: =AVERAGE(uo288066_db_usuarios!C4:C6) -> 51.333333 | I2: GRÁFICAS GENERALES:
C4: EDADES
B5: RANGO | C5: 0-20 | D5: 20-30 | E5: 30-40 | F5: 40-65 | G5: 65+
B6: NUMERO | C6: =COUNTIF(uo288066_db_usuarios!C4:C6,"<=20") -> 0 | D6: =COUNTIFS(uo288066_db_usuarios!C4:C6,">20", uo288066_db_usuarios!C4:C6,"<=30") -> 0 | E6: =COUNTIFS(uo288066_db_usuarios!C4:C6,">30", uo288066_db_usuarios!C4:C6,"<=40") -> 1 | F6: =COUNTIFS(uo288066_db_usuarios!C4:C6,">40", uo288066_db_usuarios!C4:C6,"<=65") -> 2 | G6: =COUNTIF(uo288066_db_usuarios!C4:C6,">65") -> 0
B7: PORCENTAJE | C7: =C6/($C$6+$D$6+$E$6+$F$6+$G$6) -> 0 | D7: =D6/($C$6+$D$6+$E$6+$F$6+$G$6) -> 0 | E7: =E6/($C$6+$D$6+$E$6+$F$6+$G$6) -> 0.33333333 | F7: =F6/($C$6+$D$6+$E$6+$F$6+$G$6) -> 0.66666667 | G7: =G6/($C$6+$D$6+$E$6+$F$6+$G$6) -> 0
C10: DESTREZA
B11: RANGO | C11: 0 a 3 | D11: 3 a 5 | E11: 5 a 7 | F11: 7 a 10
B12: NUMERO | C12: =COUNTIF(uo288066_db_usuarios!E4:E6,"<=3") -> 1 | D12: =COUNTIFS(uo288066_db_usuarios!E4:E6,">3", uo288066_db_usuarios!E4:E6,"<=5") -> 0 | E12: =COUNTIFS(uo288066_db_usuarios!E4:E6,">5", uo288066_db_usuarios!E4:E6,"<=7") -> 1 | F12: =COUNTIFS(uo288066_db_usuarios!E4:E6,">7", uo288066_db_usuarios!E4:E6,"<=10") -> 1
B13: PORCENTAJE | C13: =C12/($C$12+$D$12+$E$12+$F$12) -> 0.33333333 | D13: =D12/($C$12+$D$12+$E$12+$F$12) -> 0 | E13: =E12/($C$12+$D$12+$E$12+$F$12) -> 0.33333333 | F13: =F12/($C$12+$D$12+$E$12+$F$12) -> 0.33333333
C16: GÉNEROS
C17: FEMENINO | D17: MASCULINO | E17: OTRO
B18: CANTIDAD | C18: =COUNTIF(uo288066_db_usuarios!D4:D6, "Femenino") -> 1 | D18: =COUNTIF(uo288066_db_usuarios!D4:D6, "Masculino") -> 2 | E18: {=COUNTIF(uo288066_db_usuarios!D4:D6, Otro)} -> 0
B19: PORCENTAJE | C19: =C18/($C$18+$D$18+$E$18) -> 0.33333333 | D19: =D18/($C$18+$D$18+$E$18) -> 0.66666667 | E19: =E18/($C$18+$D$18+$E$18) -> 0

Sheet stats_3
B2: EDAD MEDIA: | C2: =AVERAGE(uo288066_db_usuarios!C8:C10) -> #DIV/0! | I2: GRÁFICAS GENERALES:
C4: EDADES
B5: RANGO | C5: 0-20 | D5: 20-30 | E5: 30-40 | F5: 40-65 | G5: 65+
B6: NUMERO | C6: =COUNTIF(uo288066_db_usuarios!C8:C10,"<=20") -> 0 | D6: =COUNTIFS(uo288066_db_usuarios!C8:C10,">20", uo288066_db_usuarios!C8:C10,"<=30") -> 0 | E6: =COUNTIFS(uo288066_db_usuarios!C8:C10,">30", uo288066_db_usuarios!C8:C10,"<=40") -> 0 | F6: =COUNTIFS(uo288066_db_usuarios!C8:C10,">40", uo288066_db_usuarios!C8:C10,"<=65") -> 0 | G6: =COUNTIF(uo288066_db_usuarios!C8:C10,">65") -> 0
B7: PORCENTAJE | C7: =C6/($C$6+$D$6+$E$6+$F$6+$G$6) -> #DIV/0! | D7: =D6/($C$6+$D$6+$E$6+$F$6+$G$6) -> #DIV/0! | E7: =E6/($C$6+$D$6+$E$6+$F$6+$G$6) -> #DIV/0! | F7: =F6/($C$6+$D$6+$E$6+$F$6+$G$6) -> #DIV/0! | G7: =G6/($C$6+$D$6+$E$6+$F$6+$G$6) -> #DIV/0!
C10: DESTREZA
B11: RANGO | C11: 0 a 3 | D11: 3 a 5 | E11: 5 a 7 | F11: 7 a 10
B12: NUMERO | C12: =COUNTIF(uo288066_db_usuarios!E8:E10,"<=3") -> 0 | D12: =COUNTIFS(uo288066_db_usuarios!E8:E10,">3", uo288066_db_usuarios!E8:E10,"<=5") -> 0 | E12: =COUNTIFS(uo288066_db_usuarios!E8:E10,">5", uo288066_db_usuarios!E8:E10,"<=7") -> 0 | F12: =COUNTIFS(uo288066_db_usuarios!E8:E10,">7", uo288066_db_usuarios!E8:E10,"<=10") -> 0
B13: PORCENTAJE | C13: =C12/($C$12+$D$12+$E$12+$F$12) -> #DIV/0! | D13: =D12/($C$12+$D$12+$E$12+$F$12) -> #DIV/0! | E13: =E12/($C$12+$D$12+$E$12+$F$12) -> #DIV/0! | F13: =F12/($C$12+$D$12+$E$12+$F$12) -> #DIV/0!
C16: GÉNEROS
C17: FEMENINO | D17: MASCULINO | E17: OTRO
B18: CANTIDAD | C18: =COUNTIF(uo288066_db_usuarios!D8:D10, "Femenino") -> 0 | D18: =COUNTIF(uo288066_db_usuarios!D8:D10, "Masculino") -> 0 | E18: =COUNTIF(uo288066_db_usuarios!D8:D10, "Otro") -> 0
B19: PORCENTAJE | C19: =C18/($C$18+$D$18+$E$18) -> #DIV/0! | D19: =D18/($C$18+$D$18+$E$18) -> #DIV/0! | E19: =E18/($C$18+$D$18+$E$18) -> #DIV/0!

Sheet stats_general
B2: EDAD MEDIA: | C2: =AVERAGE(uo288066_db_usuarios!C:C) -> 39.6
C4: EDADES | K4: DESTREZA | P4: GRÁFICAS GENERALES:
B5: RANGO | C5: 0-20 | D5: 20-30 | E5: 30-40 | F5: 40-65 | G5: 65+ | J5: RANGO | K5: 0 a 3 | L5: 3 a 5 | M5: 5 a 7 | N5: 7 a 10
B6: NUMERO | C6: =COUNTIF(uo288066_db_usuarios!C:C,"<=20") -> 0 | D6: =COUNTIFS(uo288066_db_usuarios!C:C,">20", uo288066_db_usuarios!C:C,"<=30") -> 2 | E6: =COUNTIFS(uo288066_db_usuarios!C:C,">30", uo288066_db_usuarios!C:C,"<=40") -> 1 | F6: =COUNTIFS(uo288066_db_usuarios!C:C,">40", uo288066_db_usuarios!C:C,"<=65") -> 2 | G6: =COUNTIF(uo288066_db_usuarios!C:C,">65") -> 0 | J6: NUMERO | K6: =COUNTIF(uo288066_db_usuarios!E:E,"<=3") -> 1 | L6: =COUNTIFS(uo288066_db_usuarios!E:E,">3", uo288066_db_usuarios!E:E,"<=5") -> 0 | M6: =COUNTIFS(uo288066_db_usuarios!E:E,">5", uo288066_db_usuarios!E:E,"<=7") -> 1 | N6: =COUNTIFS(uo288066_db_usuarios!E:E,">7", uo288066_db_usuarios!E:E,"<=10") -> 3
B7: PORCENTAJE | C7: =C6/($C$6+$D$6+$E$6+$F$6+$G$6) -> 0 | D7: =D6/($C$6+$D$6+$E$6+$F$6+$G$6) -> 0.4 | E7: =E6/($C$6+$D$6+$E$6+$F$6+$G$6) -> 0.2 | F7: =F6/($C$6+$D$6+$E$6+$F$6+$G$6) -> 0.4 | G7: =G6/($C$6+$D$6+$E$6+$F$6+$G$6) -> 0 | J7: PORCENTAJE | K7: =K6/($K$6+$L$6+$M$6+$N$6) -> 0.2 | L7: =L6/($K$6+$L$6+$M$6+$N$6) -> 0 | M7: =M6/($K$6+$L$6+$M$6+$N$6) -> 0.2 | N7: =N6/($K$6+$L$6+$M$6+$N$6) -> 0.6
C10: GÉNEROS | K10: TANDAS
C11: FEMENINO | D11: MASCULINO | E11: OTRO | J11: TANDA | K11: Tanda 1 | L11: Tanda 2 | M11: Tanda 3
B12: CANTIDAD | C12: =COUNTIF(uo288066_db_usuarios!D:D, "Femenino") -> 1 | D12: =COUNTIF(uo288066_db_usuarios!D:D, "Masculino") -> 4 | E12: {=COUNTIF(uo288066_db_usuarios!D:D, Otro)} -> 0 | J12: TIEMPO MEDIO | K12: =AVERAGE(uo288066_db_resultados!D2:D3) -> 39.5 | L12: =AVERAGE(uo288066_db_resultados!D4:D6) -> 223.66667 | M12: =AVERAGE(uo288066_db_resultados!D7:D9) -> #DIV/0!
B13: PORCENTAJE | C13: =C12/($C$12+$D$12+$E$12) -> 0.2 | D13: =D12/($C$12+$D$12+$E$12) -> 0.8 | E13: =E12/($C$12+$D$12+$E$12) -> 0
C16: TANDAS
B17: TANDA | C17: Tanda 1 | E17: Tanda 2 | H17: Tanda 3
B18: USUARIO | C18: 1 | D18: 2 | E18: 3 | F18: 4 | G18: 5 | H18: 6 | I18: 7 | J18: 8
B19: PERICIA | C19: =uo288066_db_usuarios!E2 -> 10 | D19: =uo288066_db_usuarios!E3 -> 10 | E19: =uo288066_db_usuarios!E4 -> 8 | F19: =uo288066_db_usuarios!E5 -> 6 | G19: =uo288066_db_usuarios!E6 -> 3 | H19: =uo288066_db_usuarios!E8 -> 0 | I19: =uo288066_db_usuarios!E9 -> 0 | J19: =uo288066_db_usuarios!E10 -> 0
B20: TIEMPO | C20: =uo288066_db_resultados!D2 -> 35 | D20: =uo288066_db_resultados!D3 -> 44 | E20: =uo288066_db_resultados!D4 -> 126 | F20: =uo288066_db_resultados!D5 -> 214 | G20: =uo288066_db_resultados!D6 -> 331 | H20: =uo288066_db_resultados!D7 -> 0 | I20: =uo288066_db_resultados!D8 -> 0 | J20: =uo288066_db_resultados!D9 -> 0
B21: TIEMPO MEDIO | C21: =AVERAGE(C20:D20) -> 39.5 | E21: =AVERAGE(E20:G20) -> 223.66667 | H21: =AVERAGE(H20:J20) -> 0
C24: DATOS NORMALIZADOS PARA GRÁFICAS
B25: USUARIO | C25: 1 | D25: 2 | E25: 3 | F25: 4 | G25: 5 | H25: 6 | I25: 7 | J25: 8
B26: PERICIA | C26: =C19/10 -> 1 | D26: =D19/10 -> 1 | E26: =E19/10 -> 0.8 | F26: =F19/10 -> 0.6 | G26: =G19/10 -> 0.3 | H26: =H19/10 -> 0 | I26: =I19/10 -> 0 | J26: =J19/10 -> 0
B27: TIEMPO | C27: =(C20) / (MAX($C$20:$J$20) - MIN($C$20:$J$20)) -> 0.10574018 | D27: =(D20) / (MAX($C$20:$J$20) - MIN($C$20:$J$20)) -> 0.13293051 | E27: =(E20) / (MAX($C$20:$J$20) - MIN($C$20:$J$20)) -> 0.38066465 | F27: =(F20) / (MAX($C$20:$J$20) - MIN($C$20:$J$20)) -> 0.64652568 | G27: =(G20) / (MAX($C$20:$J$20) - MIN($C$20:$J$20)) -> 1 | H27: =(H20) / (MAX($C$20:$J$20) - MIN($C$20:$J$20)) -> 0 | I27: =(I20) / (MAX($C$20:$J$20) - MIN($C$20:$J$20)) -> 0 | J27: =(J20) / (MAX($C$20:$J$20) - MIN($C$20:$J$20)) -> 0
